[
    {
      "name": "United Arab Emirates",
      "capital": "Abu Dhabi",
      "continent": "Asia",
      "population": "9,900,000",
      "currency": { "code": "AED", "symbol": "د.إ" },
      "officialLanguages": "Arabic",
      "phoneCode": "+971",
      "flag": "🇦🇪",
      "id": "cntry-1417-AE",
      "iso": "AE"
    },
    {
      "name": "Afghanistan",
      "capital": "Kabul",
      "continent": "Asia", 
      "population": "40,200,000",
      "currency": { "code": "AFN", "symbol": "؋" },
      "officialLanguages": "Pashto, Dari",
      "phoneCode": "+93",
      "flag": "🇦🇫",
      "id": "cntry-1234-AF",
      "iso": "AF"
    },
    {
      "name": "Albania",
      "capital": "Tirana",
      "continent": "Europe",
      "population": "2,800,000",
      "currency": { "code": "ALL", "symbol": "L" },
      "officialLanguages": "Albanian",
      "phoneCode": "+355",
      "flag": "🇦🇱",
      "id": "cntry-1235-AL",
      "iso": "AL"
    },
    {
      "name": "Algeria",
      "capital": "Algiers",
      "continent": "Africa",
      "population": "44,700,000",
      "currency": { "code": "DZD", "symbol": "د.ج" },
      "officialLanguages": "Arabic, Berber",
      "phoneCode": "+213",
      "flag": "🇩🇿",
      "id": "cntry-1236-DZ",
      "iso": "DZ"
    },
    {
      "name": "Andorra",
      "capital": "Andorra la Vella",
      "continent": "Europe",
      "population": "77,000",
      "currency": { "code": "EUR", "symbol": "€" },
      "officialLanguages": "Catalan",
      "phoneCode": "+376",
      "flag": "🇦🇩",
      "id": "cntry-1237-AD",
      "iso": "AD"
    },
    {
      "name": "Angola",
      "capital": "Luanda",
      "continent": "Africa",
      "population": "33,900,000",
      "currency": { "code": "AOA", "symbol": "Kz" },
      "officialLanguages": "Portuguese",
      "phoneCode": "+244",
      "flag": "🇦🇴",
      "id": "cntry-1238-AO",
      "iso": "AO"
    },
    {
      "name": "Antigua and Barbuda",
      "capital": "St. John's",
      "continent": "North America",
      "population": "98,000",
      "currency": { "code": "XCD", "symbol": "$" },
      "officialLanguages": "English",
      "phoneCode": "+1-268",
      "flag": "🇦🇬",
      "id": "cntry-1239-AG",
      "iso": "AG"
    },
    {
      "name": "Argentina",
      "capital": "Buenos Aires",
      "continent": "South America",
      "population": "45,400,000",
      "currency": { "code": "ARS", "symbol": "$" },
      "officialLanguages": "Spanish",
      "phoneCode": "+54",
      "flag": "🇦🇷",
      "id": "cntry-1240-AR",
      "iso": "AR"
    },
    {
      "name": "Armenia",
      "capital": "Yerevan",
      "continent": "Asia",
      "population": "3,000,000",
      "currency": { "code": "AMD", "symbol": "Ö" },
      "officialLanguages": "Armenian",
      "phoneCode": "+374",
      "flag": "🇦🇲",
      "id": "cntry-1241-AM",
      "iso": "AM"
    },
    {
      "name": "Australia",
      "capital": "Canberra",
      "continent": "Oceania",
      "population": "26,000,000",
      "currency": { "code": "AUD", "symbol": "$" },
      "officialLanguages": "English",
      "phoneCode": "+61",
      "flag": "🇦🇺",
      "id": "cntry-1242-AU",
      "iso": "AU"
    },
    {
      "name": "Austria",
      "capital": "Vienna",
      "continent": "Europe",
      "population": "9,000,000",
      "currency": { "code": "EUR", "symbol": "€" },
      "officialLanguages": "German",
      "phoneCode": "+43",
      "flag": "🇦🇹",
      "id": "cntry-1243-AT",
      "iso": "AT"
    },
    {
      "name": "Azerbaijan",
      "capital": "Baku",
      "continent": "Asia",
      "population": "10,100,000",
      "currency": { "code": "AZN", "symbol": "₼" },
      "officialLanguages": "Azerbaijani",
      "phoneCode": "+994",
      "flag": "🇦🇿",
      "id": "cntry-1244-AZ",
      "iso": "AZ"
    },
    {
      "name": "Bahamas",
      "capital": "Nassau",
      "continent": "North America",
      "population": "400,000",
      "currency": { "code": "BSD", "symbol": "$" },
      "officialLanguages": "English",
      "phoneCode": "+1-242",
      "flag": "🇧🇸",
      "id": "cntry-1245-BS",
      "iso": "BS"
    },
    {
      "name": "Bahrain",
      "capital": "Manama",
      "continent": "Asia",
      "population": "1,700,000",
      "currency": { "code": "BHD", "symbol": ".د.ب" },
      "officialLanguages": "Arabic",
      "phoneCode": "+973",
      "flag": "🇧🇭",
      "id": "cntry-1246-BH",
      "iso": "BH"
    },
    {
      "name": "Bangladesh",
      "capital": "Dhaka",
      "continent": "Asia",
      "population": "166,300,000",
      "currency": { "code": "BDT", "symbol": "৳" },
      "officialLanguages": "Bengali",
      "phoneCode": "+880",
      "flag": "🇧🇩",
      "id": "cntry-1247-BD",
      "iso": "BD"
    },
    {
      "name": "Barbados",
      "capital": "Bridgetown",
      "continent": "North America",
      "population": "287,000",
      "currency": { "code": "BBD", "symbol": "$" },
      "officialLanguages": "English",
      "phoneCode": "+1-246",
      "flag": "🇧🇧",
      "id": "cntry-1248-BB",
      "iso": "BB"
    },
    {
      "name": "Belarus",
      "capital": "Minsk",
      "continent": "Europe",
      "population": "9,400,000",
      "currency": { "code": "BYN", "symbol": "Br" },
      "officialLanguages": "Belarusian, Russian",
      "phoneCode": "+375",
      "flag": "🇧🇾",
      "id": "cntry-1249-BY",
      "iso": "BY"
    },
    {
      "name": "Belgium",
      "capital": "Brussels",
      "continent": "Europe",
      "population": "11,600,000",
      "currency": { "code": "EUR", "symbol": "€" },
      "officialLanguages": "Dutch, French, German",
      "phoneCode": "+32",
      "flag": "🇧🇪",
      "id": "cntry-1250-BE",
      "iso": "BE"
    },
    {
      "name": "Belize",
      "capital": "Belmopan",
      "continent": "North America",
      "population": "400,000",
      "currency": { "code": "BZD", "symbol": "$" },
      "officialLanguages": "English",
      "phoneCode": "+501",
      "flag": "🇧🇿",
      "id": "cntry-1251-BZ",
      "iso": "BZ"
    },
    {
      "name": "Benin",
      "capital": "Porto-Novo",
      "continent": "Africa",
      "population": "12,100,000",
      "currency": { "code": "XOF", "symbol": "CFA" },
      "officialLanguages": "French",
      "phoneCode": "+229",
      "flag": "🇧🇯",
      "id": "cntry-1252-BJ",
      "iso": "BJ"
    },
    {
      "name": "Bhutan",
      "capital": "Thimphu",
      "continent": "Asia",
      "population": "780,000",
      "currency": { "code": "BTN", "symbol": "Nu." },
      "officialLanguages": "Dzongkha",
      "phoneCode": "+975",
      "flag": "🇧🇹",
      "id": "cntry-1253-BT",
      "iso": "BT"
    },
    {
      "name": "Bolivia",
      "capital": "Sucre",
      "continent": "South America",
      "population": "11,700,000",
      "currency": { "code": "BOB", "symbol": "Bs." },
      "officialLanguages": "Spanish, Quechua, Aymara",
      "phoneCode": "+591",
      "flag": "🇧🇴",
      "id": "cntry-1254-BO",
      "iso": "BO"
    },
    {
      "name": "Bosnia and Herzegovina",
      "capital": "Sarajevo",
      "continent": "Europe",
      "population": "3,300,000",
      "currency": { "code": "BAM", "symbol": "KM" },
      "officialLanguages": "Bosnian, Croatian, Serbian",
      "phoneCode": "+387",
      "flag": "🇧🇦",
      "id": "cntry-1255-BA",
      "iso": "BA"
    },
    {
      "name": "Botswana",
      "capital": "Gaborone",
      "continent": "Africa",
      "population": "2,400,000",
      "currency": { "code": "BWP", "symbol": "P" },
      "officialLanguages": "English, Tswana",
      "phoneCode": "+267",
      "flag": "🇧🇼",
      "id": "cntry-1256-BW",
      "iso": "BW"
    },
    {
      "name": "Brazil",
      "capital": "Brasília",
      "continent": "South America",
      "population": "213,000,000",
      "currency": { "code": "BRL", "symbol": "R$" },
      "officialLanguages": "Portuguese",
      "phoneCode": "+55",
      "flag": "🇧🇷",
      "id": "cntry-1257-BR",
      "iso": "BR"
    },
    {
      "name": "Brunei",
      "capital": "Bandar Seri Begawan",
      "continent": "Asia",
      "population": "440,000",
      "currency": { "code": "BND", "symbol": "$" },
      "officialLanguages": "Malay",
      "phoneCode": "+673",
      "flag": "🇧🇳",
      "id": "cntry-1258-BN",
      "iso": "BN"
    },
    {
      "name": "Bulgaria",
      "capital": "Sofia",
      "continent": "Europe",
      "population": "6,900,000",
      "currency": { "code": "BGN", "symbol": "лв" },
      "officialLanguages": "Bulgarian",
      "phoneCode": "+359",
      "flag": "🇧🇬",
      "id": "cntry-1259-BG",
      "iso": "BG"
    },
    {
      "name": "Burkina Faso",
      "capital": "Ouagadougou",
      "continent": "Africa",
      "population": "21,500,000",
      "currency": { "code": "XOF", "symbol": "CFA" },
      "officialLanguages": "French",
      "phoneCode": "+226",
      "flag": "🇧🇫",
      "id": "cntry-1260-BF",
      "iso": "BF"
    },
    {
      "name": "Burundi",
      "capital": "Gitega",
      "continent": "Africa",
      "population": "11,900,000",
      "currency": { "code": "BIF", "symbol": "FBu" },
      "officialLanguages": "Kirundi, French, English",
      "phoneCode": "+257",
      "flag": "🇧🇮",
      "id": "cntry-1261-BI",
      "iso": "BI"
    },
    {
      "name": "Cambodia",
      "capital": "Phnom Penh",
      "continent": "Asia",
      "population": "16,700,000",
      "currency": { "code": "KHR", "symbol": "៛" },
      "officialLanguages": "Khmer",
      "phoneCode": "+855",
      "flag": "🇰🇭",
      "id": "cntry-1262-KH",
      "iso": "KH"
    },
    {
      "name": "Cameroon",
      "capital": "Yaoundé",
      "continent": "Africa",
      "population": "26,500,000",
      "currency": { "code": "XAF", "symbol": "CFA" },
      "officialLanguages": "French, English",
      "phoneCode": "+237",
      "flag": "🇨🇲",
      "id": "cntry-1263-CM",
      "iso": "CM"
    },
    {
      "name": "Canada",
      "capital": "Ottawa",
      "continent": "North America",
      "population": "38,000,000",
      "currency": { "code": "CAD", "symbol": "$" },
      "officialLanguages": "English, French",
      "phoneCode": "+1",
      "flag": "🇨🇦",
      "id": "cntry-1264-CA",
      "iso": "CA"
    },
    {
      "name": "Cape Verde",
      "capital": "Praia",
      "continent": "Africa",
      "population": "560,000",
      "currency": { "code": "CVE", "symbol": "$" },
      "officialLanguages": "Portuguese",
      "phoneCode": "+238",
      "flag": "🇨🇻",
      "id": "cntry-1265-CV",
      "iso": "CV"
    },
    {
      "name": "Central African Republic",
      "capital": "Bangui",
      "continent": "Africa",
      "population": "4,800,000",
      "currency": { "code": "XAF", "symbol": "CFA" },
      "officialLanguages": "French, Sango",
      "phoneCode": "+236",
      "flag": "🇨🇫",
      "id": "cntry-1266-CF",
      "iso": "CF"
    },
    {
      "name": "Chad",
      "capital": "N'Djamena",
      "continent": "Africa",
      "population": "16,400,000",
      "currency": { "code": "XAF", "symbol": "CFA" },
      "officialLanguages": "French, Arabic",
      "phoneCode": "+235",
      "flag": "🇹🇩",
      "id": "cntry-1267-TD",
      "iso": "TD"
    },
    {
      "name": "Chile",
      "capital": "Santiago",
      "continent": "South America",
      "population": "19,100,000",
      "currency": { "code": "CLP", "symbol": "$" },
      "officialLanguages": "Spanish",
      "phoneCode": "+56",
      "flag": "🇨🇱",
      "id": "cntry-1268-CL",
      "iso": "CL"
    },
    {
      "name": "China",
      "capital": "Beijing",
      "continent": "Asia",
      "population": "1,412,000,000",
      "currency": { "code": "CNY", "symbol": "¥" },
      "officialLanguages": "Mandarin",
      "phoneCode": "+86",
      "flag": "🇨🇳",
      "id": "cntry-1269-CN",
      "iso": "CN"
    },
    {
      "name": "Colombia",
      "capital": "Bogotá",
      "continent": "South America",
      "population": "51,000,000",
      "currency": { "code": "COP", "symbol": "$" },
      "officialLanguages": "Spanish",
      "phoneCode": "+57",
      "flag": "🇨🇴",
      "id": "cntry-1270-CO",
      "iso": "CO"
    },
    {
      "name": "Comoros",
      "capital": "Moroni",
      "continent": "Africa",
      "population": "870,000",
      "currency": { "code": "KMF", "symbol": "CF" },
      "officialLanguages": "Comorian, Arabic, French",
      "phoneCode": "+269",
      "flag": "🇰🇲",
      "id": "cntry-1271-KM",
      "iso": "KM"
    },
    {
      "name": "Costa Rica",
      "capital": "San José",
      "continent": "North America",
      "population": "5,100,000",
      "currency": { "code": "CRC", "symbol": "₡" },
      "officialLanguages": "Spanish",
      "phoneCode": "+506",
      "flag": "🇨🇷",
      "id": "cntry-1272-CR",
      "iso": "CR"
    },
    {
      "name": "Croatia",
      "capital": "Zagreb",
      "continent": "Europe",
      "population": "4,100,000",
      "currency": { "code": "EUR", "symbol": "€" },
      "officialLanguages": "Croatian",
      "phoneCode": "+385",
      "flag": "🇭🇷",
      "id": "cntry-1273-HR",
      "iso": "HR"
    },
    {
      "name": "Cuba",
      "capital": "Havana",
      "continent": "North America",
      "population": "11,300,000",
      "currency": { "code": "CUP", "symbol": "$" },
      "officialLanguages": "Spanish",
      "phoneCode": "+53",
      "flag": "🇨🇺",
      "id": "cntry-1274-CU",
      "iso": "CU"
    },
    {
      "name": "Cyprus",
      "capital": "Nicosia",
      "continent": "Europe",
      "population": "1,200,000",
      "currency": { "code": "EUR", "symbol": "€" },
      "officialLanguages": "Greek, Turkish",
      "phoneCode": "+357",
      "flag": "🇨🇾",
      "id": "cntry-1275-CY",
      "iso": "CY"
    },
    {
      "name": "Czech Republic",
      "capital": "Prague",
      "continent": "Europe",
      "population": "10,700,000",
      "currency": { "code": "CZK", "symbol": "KÄ" },
      "officialLanguages": "Czech",
      "phoneCode": "+420",
      "flag": "🇨🇿",
      "id": "cntry-1276-CZ",
      "iso": "CZ"
    },
    {
      "name": "Democratic Republic of the Congo",
      "capital": "Kinshasa",
      "continent": "Africa",
      "population": "90,000,000",
      "currency": { "code": "CDF", "symbol": "FC" },
      "officialLanguages": "French",
      "phoneCode": "+243",
      "flag": "🇨🇩",
      "id": "cntry-1277-CD",
      "iso": "CD"
    },
    {
      "name": "Denmark",
      "capital": "Copenhagen",
      "continent": "Europe",
      "population": "5,800,000",
      "currency": { "code": "DKK", "symbol": "kr" },
      "officialLanguages": "Danish",
      "phoneCode": "+45",
      "flag": "🇩🇰",
      "id": "cntry-1278-DK",
      "iso": "DK"
    },
    {
      "name": "Djibouti",
      "capital": "Djibouti",
      "continent": "Africa",
      "population": "1,000,000",
      "currency": { "code": "DJF", "symbol": "Fdj" },
      "officialLanguages": "French, Arabic",
      "phoneCode": "+253",
      "flag": "🇩🇯",
      "id": "cntry-1279-DJ",
      "iso": "DJ"
    },
    {
      "name": "Dominica",
      "capital": "Roseau",
      "continent": "North America",
      "population": "72,000",
      "currency": { "code": "XCD", "symbol": "$" },
      "officialLanguages": "English",
      "phoneCode": "+1-767",
      "flag": "🇩🇲",
      "id": "cntry-1280-DM",
      "iso": "DM"
    },
    {
      "name": "Dominican Republic",
      "capital": "Santo Domingo",
      "continent": "North America",
      "population": "10,800,000",
      "currency": { "code": "DOP", "symbol": "$" },
      "officialLanguages": "Spanish",
      "phoneCode": "+1-809",
      "flag": "🇩🇴",
      "id": "cntry-1281-DO",
      "iso": "DO"
    },
    {
      "name": "East Timor",
      "capital": "Dili",
      "continent": "Asia",
      "population": "1,300,000",
      "currency": { "code": "USD", "symbol": "$" },
      "officialLanguages": "Portuguese, Tetum",
      "phoneCode": "+670",
      "flag": "🇹🇱",
      "id": "cntry-1282-TL",
      "iso": "TL"
    },
    {
      "name": "Ecuador",
      "capital": "Quito",
      "continent": "South America",
      "population": "17,600,000",
      "currency": { "code": "USD", "symbol": "$" },
      "officialLanguages": "Spanish",
      "phoneCode": "+593",
      "flag": "🇪🇨",
      "id": "cntry-1283-EC",
      "iso": "EC"
    },
    {
      "name": "Egypt",
      "capital": "Cairo",
      "continent": "Africa",
      "population": "102,000,000",
      "currency": { "code": "EGP", "symbol": "£" },
      "officialLanguages": "Arabic",
      "phoneCode": "+20",
      "flag": "🇪🇬",
      "id": "cntry-1284-EG",
      "iso": "EG"
    },
    {
      "name": "El Salvador",
      "capital": "San Salvador",
      "continent": "North America",
      "population": "6,500,000",
      "currency": { "code": "USD", "symbol": "$" },
      "officialLanguages": "Spanish",
      "phoneCode": "+503",
      "flag": "🇸🇻",
      "id": "cntry-1285-SV",
      "iso": "SV"
    },
    {
      "name": "Equatorial Guinea",
      "capital": "Malabo",
      "continent": "Africa",
      "population": "1,400,000",
      "currency": { "code": "XAF", "symbol": "CFA" },
      "officialLanguages": "Spanish, French, Portuguese",
      "phoneCode": "+240",
      "flag": "🇬🇶",
      "id": "cntry-1286-GQ",
      "iso": "GQ"
    },
    {
      "name": "Eritrea",
      "capital": "Asmara",
      "continent": "Africa",
      "population": "3,500,000",
      "currency": { "code": "ERN", "symbol": "Nfk" },
      "officialLanguages": "Tigrinya, Arabic, English",
      "phoneCode": "+291",
      "flag": "🇪🇷",
      "id": "cntry-1287-ER",
      "iso": "ER"
    },
    {
      "name": "Estonia",
      "capital": "Tallinn",
      "continent": "Europe",
      "population": "1,300,000",
      "currency": { "code": "EUR", "symbol": "€" },
      "officialLanguages": "Estonian",
      "phoneCode": "+372",
      "flag": "🇪🇪",
      "id": "cntry-1288-EE",
      "iso": "EE"
    },
    {
      "name": "Eswatini",
      "capital": "Mbabane",
      "continent": "Africa",
      "population": "1,200,000",
      "currency": { "code": "SZL", "symbol": "L" },
      "officialLanguages": "Swazi, English",
      "phoneCode": "+268",
      "flag": "🇸🇿",
      "id": "cntry-1289-SZ",
      "iso": "SZ"
    },
    {
      "name": "Ethiopia",
      "capital": "Addis Ababa",
      "continent": "Africa",
      "population": "115,000,000",
      "currency": { "code": "ETB", "symbol": "Br" },
      "officialLanguages": "Amharic",
      "phoneCode": "+251",
      "flag": "🇪🇹",
      "id": "cntry-1290-ET",
      "iso": "ET"
    },
    {
      "name": "Fiji",
      "capital": "Suva",
      "continent": "Oceania",
      "population": "900,000",
      "currency": { "code": "FJD", "symbol": "$" },
      "officialLanguages": "English, Fijian, Hindi",
      "phoneCode": "+679",
      "flag": "🇫🇯",
      "id": "cntry-1291-FJ",
      "iso": "FJ"
    },
    {
      "name": "Finland",
      "capital": "Helsinki",
      "continent": "Europe",
      "population": "5,500,000",
      "currency": { "code": "EUR", "symbol": "€" },
      "officialLanguages": "Finnish, Swedish",
      "phoneCode": "+358",
      "flag": "🇫🇮",
      "id": "cntry-1292-FI",
      "iso": "FI"
    },
    {
      "name": "France",
      "capital": "Paris",
      "continent": "Europe",
      "population": "65,000,000",
      "currency": { "code": "EUR", "symbol": "€" },
      "officialLanguages": "French",
      "phoneCode": "+33",
      "flag": "🇫🇷",
      "id": "cntry-1293-FR",
      "iso": "FR"
    },
    {
      "name": "Gabon",
      "capital": "Libreville",
      "continent": "Africa",
      "population": "2,200,000",
      "currency": { "code": "XAF", "symbol": "CFA" },
      "officialLanguages": "French",
      "phoneCode": "+241",
      "flag": "🇬🇦",
      "id": "cntry-1294-GA",
      "iso": "GA"
    },
    {
      "name": "Gambia",
      "capital": "Banjul",
      "continent": "Africa",
      "population": "2,400,000",
      "currency": { "code": "GMD", "symbol": "D" },
      "officialLanguages": "English",
      "phoneCode": "+220",
      "flag": "🇬🇲",
      "id": "cntry-1295-GM",
      "iso": "GM"
    },
    {
      "name": "Georgia",
      "capital": "Tbilisi",
      "continent": "Asia",
      "population": "3,700,000",
      "currency": { "code": "GEL", "symbol": "₾" },
      "officialLanguages": "Georgian",
      "phoneCode": "+995",
      "flag": "🇬🇪",
      "id": "cntry-1296-GE",
      "iso": "GE"
    },
    {
      "name": "Germany",
      "capital": "Berlin",
      "continent": "Europe",
      "population": "84,000,000",
      "currency": { "code": "EUR", "symbol": "€" },
      "officialLanguages": "German",
      "phoneCode": "+49",
      "flag": "🇩🇪",
      "id": "cntry-1297-DE",
      "iso": "DE"
    },
    {
      "name": "Ghana",
      "capital": "Accra",
      "continent": "Africa",
      "population": "31,700,000",
      "currency": { "code": "GHS", "symbol": "₵" },
      "officialLanguages": "English",
      "phoneCode": "+233",
      "flag": "🇬🇭",
      "id": "cntry-1298-GH",
      "iso": "GH"
    },
    {
      "name": "Greece",
      "capital": "Athens",
      "continent": "Europe",
      "population": "10,400,000",
      "currency": { "code": "EUR", "symbol": "€" },
      "officialLanguages": "Greek",
      "phoneCode": "+30",
      "flag": "🇬🇷",
      "id": "cntry-1299-GR",
      "iso": "GR"
    },
    {
      "name": "Grenada",
      "capital": "St. George's",
      "continent": "North America",
      "population": "113,000",
      "currency": { "code": "XCD", "symbol": "$" },
      "officialLanguages": "English",
      "phoneCode": "+1-473",
      "flag": "🇬🇩",
      "id": "cntry-1300-GD",
      "iso": "GD"
    },
    {
      "name": "Guatemala",
      "capital": "Guatemala City",
      "continent": "North America",
      "population": "18,900,000",
      "currency": { "code": "GTQ", "symbol": "Q" },
      "officialLanguages": "Spanish",
      "phoneCode": "+502",
      "flag": "🇬🇹",
      "id": "cntry-1301-GT",
      "iso": "GT"
    },
    {
      "name": "Guinea",
      "capital": "Guinea",
      "continent": "Africa",
      "population": "13,100,000",
      "currency": { "code": "GNF", "symbol": "FG" },
      "officialLanguages": "French",
      "phoneCode": "+224",
      "flag": "🇬🇳",
      "id": "cntry-1302-GN",
      "iso": "GN"
    },
    {
      "name": "Guinea-Bissau",
      "capital": "Bissau",
      "continent": "Africa",
      "population": "2,000,000",
      "currency": { "code": "XOF", "symbol": "CFA" },
      "officialLanguages": "Portuguese",
      "phoneCode": "+245",
      "flag": "🇬🇼",
      "id": "cntry-1303-GW",
      "iso": "GW"
    },
    {
      "name": "Guyana",
      "capital": "Georgetown",
      "continent": "South America",
      "population": "790,000",
      "currency": { "code": "GYD", "symbol": "G$" },
      "officialLanguages": "English",
      "phoneCode": "+592",
      "flag": "🇬🇾",
      "id": "cntry-1304-GY",
      "iso": "GY"
    },
    {
      "name": "Haiti",
      "capital": "Porto-Prince",
      "continent": "North America",
      "population": "11,400,000",
      "currency": { "code": "HTG", "symbol": "G" },
      "officialLanguages": "French, Haitian Creole",
      "phoneCode": "+509",
      "flag": "🇭🇹",
      "id": "cntry-1305-HT",
      "iso": "HT"
    },
    {
      "name": "Honduras",
      "capital": "Tegucigalpa",
      "continent": "North America",
      "population": "10,000,000",
      "currency": { "code": "HNL", "symbol": "L" },
      "officialLanguages": "Spanish",
      "phoneCode": "+504",
      "flag": "🇭🇳",
      "id": "cntry-1306-HN",
      "iso": "HN"
    },
    {
      "name": "Hungary",
      "capital": "Budapest",
      "continent": "Europe",
      "population": "9,700,000",
      "currency": { "code": "HUF", "symbol": "Ft" },
      "officialLanguages": "Hungarian",
      "phoneCode": "+36",
      "flag": "🇭🇺",
      "id": "cntry-1307-HU",
      "iso": "HU"
    },
    {
      "name": "Iceland",
      "capital": "Reykjavik",
      "continent": "Europe",
      "population": "370,000",
      "currency": { "code": "ISK", "symbol": "kr" },
      "officialLanguages": "Icelandic",
      "phoneCode": "+354",
      "flag": "🇮🇸",
      "id": "cntry-1308-IS",
      "iso": "IS"
    },
    {
      "name": "India",
      "capital": "New Delhi",
      "continent": "Asia",
      "population": "1,380,000,000",
      "currency": { "code": "INR", "symbol": "₹" },
      "officialLanguages": "Hindi, English",
      "phoneCode": "+91",
      "flag": "🇮🇳",
      "id": "cntry-1309-IN",
      "iso": "IN"
    },
    {
      "name": "Indonesia",
      "capital": "Jakarta",
      "continent": "Asia",
      "population": "270,000,000",
      "currency": { "code": "IDR", "symbol": "Rp" },
      "officialLanguages": "Indonesian",
      "phoneCode": "+62",
      "flag": "🇮🇩",
      "id": "cntry-1310-ID",
      "iso": "ID"
    },
    {
      "name": "Iraq",
      "capital": "Baghdad",
      "continent": "Asia",
      "population": "40,000,000",
      "currency": { "code": "IQD", "symbol": "ع.د" },
      "officialLanguages": "Arabic, Kurdish",
      "phoneCode": "+964",
      "flag": "🇮🇶",
      "id": "cntry-1311-IQ",
      "iso": "IQ"
    },
    {
      "name": "Ireland",
      "capital": "Dublin",
      "continent": "Europe",
      "population": "5,000,000",
      "currency": { "code": "EUR", "symbol": "€" },
      "officialLanguages": "Irish, English",
      "phoneCode": "+353",
      "flag": "🇮🇪",
      "id": "cntry-1312-IE",
      "iso": "IE"
    },
    {
      "name": "Israel",
      "capital": "Jerusalem",
      "continent": "Asia",
      "population": "9,300,000",
      "currency": { "code": "ILS", "symbol": "₪" },
      "officialLanguages": "Hebrew",
      "phoneCode": "+972",
      "flag": "🇮🇱",
      "id": "cntry-1313-IL",
      "iso": "IL"
    },
    {
      "name": "Italy",
      "capital": "Rome",
      "continent": "Europe",
      "population": "60,000",
      "currency": { "code": "EUR", "symbol": "€" },
      "officialLanguages": "Italian",
      "phoneCode": "+39",
      "flag": "🇮🇹",
      "id": "cntry-1314-IT",
      "iso": "IT"
    },
    {
      "name": "Ivory Coast",
      "capital": "Yamoussoukro",
      "continent": "Africa",
      "population": "26,400,000",
      "currency": { "code": "XOF", "symbol": "CFA" },
      "officialLanguages": "French",
      "phoneCode": "+225",
      "flag": "🇨🇮",
      "id": "cntry-1315-CI",
      "iso": "CI"
    },
    {
      "name": "Jamaica",
      "capital": "Kingston",
      "continent": "North America",
      "population": "3,000,000",
      "currency": { "code": "JMD", "symbol": "J$" },
      "officialLanguages": "English",
      "phoneCode": "+1-876",
      "flag": "🇯🇲",
      "id": "cntry-1316-JM",
      "iso": "JM"
    },
    {
      "name": "Japan",
      "capital": "Tokyo",
      "continent": "Asia",
      "population": "125,000,000",
      "currency": { "code": "JPY", "symbol": "¥" },
      "officialLanguages": "Japanese",
      "phoneCode": "+81",
      "flag": "🇯🇵",
      "id": "cntry-1317-JP",
      "iso": "JP"
    },
    {
      "name": "Jordan",
      "capital": "Amman",
      "continent": "Asia",
      "population": "10,200,000",
      "currency": { "code": "JOD", "symbol": "د.ا" },
      "officialLanguages": "Arabic",
      "phoneCode": "+962",
      "flag": "🇯🇴",
      "id": "cntry-1318-JO",
      "iso": "JO"
    },
    {
      "name": "Kazakhstan",
      "capital": "Astana",
      "continent": "Asia",
      "population": "19,000,000",
      "currency": { "code": "KZT", "symbol": "₸" },
      "officialLanguages": "Kazakh, Russian",
      "phoneCode": "+7",
      "flag": "🇰🇿",
      "id": "cntry-1319-KZ",
      "iso": "KZ"
    },
    {
      "name": "Kenya",
      "capital": "Nairobi",
      "continent": "Africa",
      "population": "11,000,000",
      "currency": { "code": "KES", "symbol": "KSh" },
      "officialLanguages": "Swahili, English",
      "phoneCode": "+254",
      "flag": "🇰🇪",
      "id": "cntry-1320-KE",
      "iso": "KE"
    },
    {
      "name": "Kiribati",
      "capital": "South Tarawa",
      "continent": "Oceania",
      "population": "120,000",
      "currency": { "code": "AUD", "symbol": "$" },
      "officialLanguages": "English, Gilbertese",
      "phoneCode": "+686",
      "flag": "🇰🇮",
      "id": "cntry-1321-KI",
      "iso": "KI"
    },
    {
      "name": "Kuwait",
      "capital": "Kuwait City",
      "continent": "Asia",
      "population": "4,300,000",
      "currency": { "code": "KWD", "symbol": "د.ك" },
      "officialLanguages": "Arabic",
      "phoneCode": "+965",
      "flag": "🇰🇼",
      "id": "cntry-1322-KW",
      "iso": "KW"
    },
    {
      "name": "Kyrgyzstan",
      "capital": "Bishkek",
      "continent": "Asia",
      "population": "6,600,000",
      "currency": { "code": "KGS", "symbol": "Ñ" },
      "officialLanguages": "Kyrgyz, Russian",
      "phoneCode": "+996",
      "flag": "🇰🇬",
      "id": "cntry-1323-KG",
      "iso": "KG"
    },
    {
      "name": "Laos",
      "capital": "Vientiane",
      "continent": "Asia",
      "population": "7,300,000",
      "currency": { "code": "LAK", "symbol": "₭" },
      "officialLanguages": "Lao",
      "phoneCode": "+856",
      "flag": "🇱🇦",
      "id": "cntry-1324-LA",
      "iso": "LA"
    },
    {
      "name": "Latvia",
      "capital": "Riga",
      "continent": "Europe",
      "population": "1,900,000",
      "currency": { "code": "EUR", "symbol": "€" },
      "officialLanguages": "Latvian",
      "phoneCode": "+371",
      "flag": "🇱🇻",
      "id": "cntry-1325-LV",
      "iso": "LV"
    },
    {
      "name": "Lebanon",
      "capital": "Beirut",
      "continent": "Asia",
      "population": "4,000,000",
      "currency": { "code": "LBP", "symbol": "ل.ل" },
      "officialLanguages": "Arabic",
      "phoneCode": "+961",
      "flag": "🇱🇧",
      "id": "cntry-1326-LB",
      "iso": "LB"
    },
    {
      "name": "Lesotho",
      "capital": "Maseru",
      "continent": "Africa",
      "population": "2,100,000",
      "currency": { "code": "LSL", "symbol": "L" },
      "officialLanguages": "Sesotho, English",
      "phoneCode": "+266",
      "flag": "🇱🇸",
      "id": "cntry-1327-LS",
      "iso": "LS"
    },
    {
      "name": "Liberia",
      "capital": "Monrovia",
      "continent": "Africa",
      "population": "5,100,000",
      "currency": { "code": "LRD", "symbol": "L$" },
      "officialLanguages": "English",
      "phoneCode": "+231",
      "flag": "🇱🇷",
      "id": "cntry-1328-LR",
      "iso": "LR"
    },
    {
      "name": "Libya",
      "capital": "Tripoli",
      "continent": "Africa",
      "population": "7,000,000",
      "currency": { "code": "LYD", "symbol": "ل.د" },
      "officialLanguages": "Arabic",
      "phoneCode": "+218",
      "flag": "🇱🇾",
      "id": "cntry-1329-LY",
      "iso": "LY"
    },
    {
      "name": "Liechtenstein",
      "capital": "Vaduz",
      "continent": "Europe",
      "population": "39,000",
      "currency": { "code": "CHF", "symbol": "Fr" },
      "officialLanguages": "German",
      "phoneCode": "+423",
      "flag": "🇱🇮",
      "id": "cntry-1330-LI",
      "iso": "LI"
    },
    {
      "name": "Lithuania",
      "capital": "Vilnius",
      "continent": "Europe",
      "population": "2,800,000",
      "currency": { "code": "EUR", "symbol": "€" },
      "officialLanguages": "Lithuanian",
      "phoneCode": "+370",
      "flag": "🇱🇹",
      "id": "cntry-1331-LT",
      "iso": "LT"
    },
    {
      "name": "Luxembourg",
      "capital": "Luxembourg",
      "continent": "Europe",
      "population": "650,000",
      "currency": { "code": "EUR", "symbol": "€" },
      "officialLanguages": "French, German, Luxembourgish",
      "phoneCode": "+352",
      "flag": "🇱🇺",
      "id": "cntry-1332-LU",
      "iso": "LU"
    },
    {
      "name": "Madagascar",
      "capital": "Antananarivo",
      "continent": "Africa",
      "population": "28,000,000",
      "currency": { "code": "MGA", "symbol": "Ar" },
      "officialLanguages": "Malagasy, French",
      "phoneCode": "+261",
      "flag": "🇲🇬",
      "id": "cntry-1333-MG",
      "iso": "MG"
    },
    {
      "name": "Malawi",
      "capital": "Lilongwe",
      "continent": "Africa",
      "population": "19,100,000",
      "currency": { "code": "MWK", "symbol": "MK" },
      "officialLanguages": "English, Chichewa",
      "phoneCode": "+265",
      "flag": "🇲🇼",
      "id": "cntry-1334-MW",
      "iso": "MW"
    },
    {
      "name": "Malaysia",
      "capital": "Kuala Lumpur",
      "continent": "Asia",
      "population": "32,700,000",
      "currency": { "code": "MYR", "symbol": "RM" },
      "officialLanguages": "Malay",
      "phoneCode": "+60",
      "flag": "🇲🇾",
      "id": "cntry-1335-MY",
      "iso": "MY"
    },
    {
      "name": "Maldives",
      "capital": "Malé",
      "continent": "Asia",
      "population": "1,000",
      "currency": { "code": "MVR", "symbol": "Rf" },
      "officialLanguages": "Dhivehi",
      "phoneCode": "+960",
      "flag": "🇲🇻",
      "id": "cntry-1336-MV",
      "iso": "MV"
    },
    {
      "name": "Mali",
      "capital": "Bamako",
      "continent": "Africa",
      "population": "20,300,000",
      "currency": { "code": "XOF", "symbol": "CFA" },
      "officialLanguages": "French",
      "phoneCode": "+223",
      "flag": "🇲🇱",
      "id": "cntry-1337-ML",
      "iso": "ML"
    },
    {
      "name": "Malta",
      "capital": "Valletta",
      "continent": "Europe",
      "population": "520,000",
      "currency": { "code": "EUR", "symbol": "€" },
      "officialLanguages": "Maltese, English",
      "phoneCode": "+356",
      "flag": "🇲🇹",
      "id": "cntry-1338-MT",
      "iso": "MT"
    },
    {
      "name": "Marshall Islands",
      "capital": "Majuro",
      "continent": "Oceania",
      "population": "59,000",
      "currency": { "code": "USD", "symbol": "$" },
      "officialLanguages": "Marshallese, English",
      "phoneCode": "+692",
      "flag": "🇲🇭",
      "id": "cntry-1339-MH",
      "iso": "MH"
    },
    {
      "name": "Mauritania",
      "capital": "Nouakchott",
      "continent": "Africa",
      "population": "4,000",
      "currency": { "code": "MRU", "symbol": "UM" },
      "officialLanguages": "Arabic",
      "phoneCode": "+222",
      "flag": "🇲🇷",
      "id": "cntry-1340-MR",
      "iso": "MR"
    },
    {
      "name": "Mauritius",
      "capital": "Port Louis",
      "continent": "Africa",
      "population": "1,300,000",
      "currency": { "code": "MUR", "symbol": "₨" },
      "officialLanguages": "English",
      "phoneCode": "+230",
      "flag": "🇲🇺",
      "id": "cntry-1341-MU",
      "iso": "MU"
    },
    {
      "name": "Mexico",
      "capital": "Mexico City",
      "continent": "North America",
      "population": "10,000,000",
      "currency": { "code": "MXN", "symbol": "$" },
      "officialLanguages": "Spanish",
      "phoneCode": "+52",
      "flag": "🇲🇽",
      "id": "cntry-1342-MX",
      "iso": "MX"
    },
    {
      "name": "Micronesia",
      "capital": "Palikir",
      "continent": "Oceania",
      "population": "10,000",
      "currency": { "code": "USD", "symbol": "$" },
      "officialLanguages": "English",
      "phoneCode": "+691",
      "flag": "🇫🇲",
      "id": "cntry-1343-FM",
      "iso": "FM"
    },
    {
      "name": "Moldova",
      "capital": "Chișinău",
      "continent": "Europe",
      "population": "2,600,000",
      "currency": { "code": "MDL", "symbol": "L" },
      "officialLanguages": "Moldovan",
      "phoneCode": "+373",
      "flag": "🇲🇩",
      "id": "cntry-1344-MD",
      "iso": "MD"
    },
    {
      "name": "Monaco",
      "capital": "Monaco",
      "continent": "Europe",
      "population": "39,000",
      "currency": { "code": "EUR", "symbol": "€" },
      "officialLanguages": "French",
      "phoneCode": "+377",
      "flag": "🇲🇨",
      "id": "cntry-1345-MC",
      "iso": "MC"
    },
    {
      "name": "Mongolia",
      "capital": "Ulaanbaatar",
      "continent": "Asia",
      "population": "3,300,000",
      "currency": { "code": "MNT", "symbol": "₮" },
      "officialLanguages": "Mongolian",
      "phoneCode": "+976",
      "flag": "🇲🇳",
      "id": "cntry-1346-MN",
      "iso": "MN"
    },
    {
      "name": "Montenegro",
      "capital": "Podgorica",
      "continent": "Europe",
      "population": "620,000",
      "currency": { "code": "EUR", "symbol": "€" },
      "officialLanguages": "Montenegrin",
      "phoneCode": "+382",
      "flag": "🇲🇪",
      "id": "cntry-1347-ME",
      "iso": "ME"
    },
    {
      "name": "Morocco",
      "capital": "Rabat",
      "continent": "Africa",
      "population": "37,000,000",
      "currency": { "code": "MAD", "symbol": "د.م." },
      "officialLanguages": "Arabic, Berber",
      "phoneCode": "+212",
      "flag": "🇲🇦",
      "id": "cntry-1348-MA",
      "iso": "MA"
    },
    {
      "name": "Mozambique",
      "capital": "Maputo",
      "continent": "Africa",
      "population": "31,300,000",
      "currency": { "code": "MZN", "symbol": "MT" },
      "officialLanguages": "Portuguese",
      "phoneCode": "+258",
      "flag": "🇲🇿",
      "id": "cntry-1349-MZ",
      "iso": "MZ"
    },
    {
      "name": "Myanmar",
      "capital": "Naypyidaw",
      "continent": "Asia",
      "population": "54,400,000",
      "currency": { "code": "MMK", "symbol": "K" },
      "officialLanguages": "Burmese",
      "phoneCode": "+95",
      "flag": "🇲🇲",
      "id": "cntry-1350-MM",
      "iso": "MM"
    },
    {
      "name": "Namibia",
      "capital": "Windhoek",
      "continent": "Africa",
      "population": "2,600,000",
      "currency": { "code": "NAD", "symbol": "N$" },
      "officialLanguages": "English",
      "phoneCode": "+264",
      "flag": "🇳🇦",
      "id": "cntry-1351-NA",
      "iso": "NA"
    },
    {
      "name": "Nauru",
      "capital": "Yaren",
      "continent": "Oceania",
      "population": "11,000",
      "currency": { "code": "AUD", "symbol": "$" },
      "officialLanguages": "Nauruan, English",
      "phoneCode": "+674",
      "flag": "🇳🇷",
      "id": "cntry-1352-NR",
      "iso": "NR"
    },
    {
      "name": "Nepal",
      "capital": "Kathmandu",
      "continent": "Asia",
      "population": "29,100,000",
      "currency": { "code": "NPR", "symbol": "₨" },
      "officialLanguages": "Nepali",
      "phoneCode": "+977",
      "flag": "🇳🇵",
      "id": "cntry-1353-NP",
      "iso": "NP"
    },
    {
      "name": "Netherlands",
      "capital": "Amsterdam",
      "continent": "Europe",
      "population": "17,500,000",
      "currency": { "code": "EUR", "symbol": "€" },
      "officialLanguages": "Dutch",
      "phoneCode": "+31",
      "flag": "🇳🇱",
      "id": "cntry-1354-NL",
      "iso": "NL"
    },
    {
      "name": "New Zealand",
      "capital": "Wellington",
      "continent": "Oceania",
      "population": "11,000,000",
      "currency": { "code": "NZD", "symbol": "$" },
      "officialLanguages": "English, MÄori",
      "phoneCode": "+64",
      "flag": "🇳🇿",
      "id": "cntry-1355-NZ",
      "iso": "NZ"
    },
    {
      "name": "Nicaragua",
      "capital": "Managua",
      "continent": "North America",
      "population": "6,600,000",
      "currency": { "code": "NIO", "symbol": "C$" },
      "officialLanguages": "Spanish",
      "phoneCode": "+505",
      "flag": "🇳🇮",
      "id": "cntry-1356-NI",
      "iso": "NI"
    },
    {
      "name": "Niger",
      "capital": "Niamey",
      "continent": "Africa",
      "population": "24,200,000",
      "currency": { "code": "XOF", "symbol": "CFA" },
      "officialLanguages": "French",
      "phoneCode": "+227",
      "flag": "🇳🇪",
      "id": "cntry-1357-NE",
      "iso": "NE"
    },
    {
      "name": "Nigeria",
      "capital": "Abuja",
      "continent": "Africa",
      "population": "206,000,000",
      "currency": { "code": "NGN", "symbol": "₦" },
      "officialLanguages": "English",
      "phoneCode": "+234",
      "flag": "🇳🇬",
      "id": "cntry-1358-NG",
      "iso": "NG"
    },
    {
      "name": "North Korea",
      "capital": "Pyongyang",
      "continent": "Asia",
      "population": "25,800,000",
      "currency": { "code": "KPW", "symbol": "₩" },
      "officialLanguages": "Korean",
      "phoneCode": "+850",
      "flag": "🇰🇵",
      "id": "cntry-1359-KP",
      "iso": "KP"
    },
    {
      "name": "North Macedonia",
      "capital": "Skopje",
      "continent": "Europe",
      "population": "2,100,000",
      "currency": { "code": "MKD", "symbol": "ден" },
      "officialLanguages": "Macedonian",
      "phoneCode": "+389",
      "flag": "🇲🇰",
      "id": "cntry-1360-MK",
      "iso": "MK"
    },
    {
      "name": "Norway",
      "capital": "Oslo",
      "continent": "Europe",
      "population": "5,400,000",
      "currency": { "code": "NOK", "symbol": "kr" },
      "officialLanguages": "Norwegian",
      "phoneCode": "+47",
      "flag": "🇳🇴",
      "id": "cntry-1361-NO",
      "iso": "NO"
    },
    {
      "name": "Oman",
      "capital": "Muscat",
      "continent": "Asia",
      "population": "5,100,000",
      "currency": { "code": "OMR", "symbol": "ر.ع." },
      "officialLanguages": "Arabic",
      "phoneCode": "+968",
      "flag": "🇴🇲",
      "id": "cntry-1362-OM",
      "iso": "OM"
    },
    {
      "name": "Pakistan",
      "capital": "Islamabad",
      "continent": "Asia",
      "population": "220,900,000",
      "currency": { "code": "PKR", "symbol": "₨" },
      "officialLanguages": "Urdu, English",
      "phoneCode": "+92",
      "flag": "🇵🇰",
      "id": "cntry-1363-PK",
      "iso": "PK"
    },
    {
      "name": "Palau",
      "capital": "Ngerulmud",
      "continent": "Oceania",
      "population": "18,000",
      "currency": { "code": "USD", "symbol": "$" },
      "officialLanguages": "Palauan, English",
      "phoneCode": "+680",
      "flag": "🇵🇼",
      "id": "cntry-1364-PW",
      "iso": "PW"
    },
    {
      "name": "Palestine",
      "capital": "Ramallah",
      "continent": "Asia",
      "population": "5,100,000",
      "currency": { "code": "ILS", "symbol": "₪" },
      "officialLanguages": "Arabic",
      "phoneCode": "+970",
      "flag": "🇵🇸",
      "id": "cntry-1365-PS",
      "iso": "PS"
    },
    {
      "name": "Panama",
      "capital": "Panama City",
      "continent": "North America",
      "population": "4,300,000",
      "currency": { "code": "PAB", "symbol": "B/." },
      "officialLanguages": "Spanish",
      "phoneCode": "+507",
      "flag": "🇵🇦",
      "id": "cntry-1366-PA",
      "iso": "PA"
    },
    {
      "name": "Papua New Guinea",
      "capital": "Port Moresby",
      "continent": "Oceania",
      "population": "8,900,000",
      "currency": { "code": "PGK", "symbol": "K" },
      "officialLanguages": "English, Tok Pisin, Hiri Motu",
      "phoneCode": "+675",
      "flag": "🇵🇬",
      "id": "cntry-1367-PG",
      "iso": "PG"
    },
    {
      "name": "Paraguay",
      "capital": "Asunción",
      "continent": "South America",
      "population": "7,100,000",
      "currency": { "code": "PYG", "symbol": "₲" },
      "officialLanguages": "Spanish, Guaraní",
      "phoneCode": "+595",
      "flag": "🇵🇾",
      "id": "cntry-1368-PY",
      "iso": "PY"
    },
    {
      "name": "Peru",
      "capital": "Lima",
      "continent": "South America",
      "population": "33,000,000",
      "currency": { "code": "PEN", "symbol": "S/" },
      "officialLanguages": "Spanish",
      "phoneCode": "+51",
      "flag": "🇵🇪",
      "id": "cntry-1369-PE",
      "iso": "PE"
    },
    {
      "name": "Philippines",
      "capital": "Manila",
      "continent": "Asia",
      "population": "109,600,000",
      "currency": { "code": "PHP", "symbol": "₱" },
      "officialLanguages": "Filipino, English",
      "phoneCode": "+63",
      "flag": "🇵🇭",
      "id": "cntry-1370-PH",
      "iso": "PH"
    },
    {
      "name": "Poland",
      "capital": "Warsaw",
      "continent": "Europe",
      "population": "38,000,000",
      "currency": { "code": "PLN", "symbol": "zł" },
      "officialLanguages": "Polish",
      "phoneCode": "+48",
      "flag": "🇵🇱",
      "id": "cntry-1371-PL",
      "iso": "PL"
    },
    {
      "name": "Portugal",
      "capital": "Lisbon",
      "continent": "Europe",
      "population": "10,300,000",
      "currency": { "code": "EUR", "symbol": "€" },
      "officialLanguages": "Portuguese", 
      "phoneCode": "+351",
      "flag": "🇵🇹",
      "id": "cntry-1372-PT",
      "iso": "PT"
    },
    {
      "name": "Qatar",
      "capital": "Doha",
      "continent": "Asia",
      "population": "2,900,000",
      "currency": { "code": "QAR", "symbol": "ر.ق" },
      "officialLanguages": "Arabic",
      "phoneCode": "+974",
      "flag": "🇶🇦",
      "id": "cntry-1373-QA",
      "iso": "QA"
    },
    {
      "name": "Republic of the Congo",
      "capital": "Brazzaville", 
      "continent": "Africa",
      "population": "5,500,000",
      "currency": { "code": "XAF", "symbol": "CFA" },
      "officialLanguages": "French",
      "phoneCode": "+242",
      "flag": "🇨🇬",
      "id": "cntry-1374-CG",
      "iso": "CG"
    },
    {
      "name": "Romania",
      "capital": "Bucharest",
      "continent": "Europe", 
      "population": "19,400,000",
      "currency": { "code": "RON", "symbol": "lei" },
      "officialLanguages": "Romanian",
      "phoneCode": "+40",
      "flag": "🇷🇴",
      "id": "cntry-1375-RO",
      "iso": "RO"
    },
    {
      "name": "Russia",
      "capital": "Moscow",
      "continent": "Europe",
      "population": "145,900,000",
      "currency": { "code": "RUB", "symbol": "₽" },
      "officialLanguages": "Russian",
      "phoneCode": "+7",
      "flag": "🇷🇺",
      "id": "cntry-1376-RU",
      "iso": "RU"
    },
    {
      "name": "Rwanda",
      "capital": "Kigali",
      "continent": "Africa",
      "population": "13,000,000", 
      "currency": { "code": "RWF", "symbol": "FRw" },
      "officialLanguages": "Kinyarwanda, French, English",
      "phoneCode": "+250",
      "flag": "🇷🇼",
      "id": "cntry-1377-RW",
      "iso": "RW"
    },
    {
      "name": "Saint Kitts and Nevis",
      "capital": "Basseterre",
      "continent": "North America",
      "population": "53,000",
      "currency": { "code": "XCD", "symbol": "$" },
      "officialLanguages": "English",
      "phoneCode": "+1-869",
      "flag": "🇰🇳",
      "id": "cntry-1378-KN",
      "iso": "KN"
    },
    {
      "name": "Saint Lucia",
      "capital": "Castries",
      "continent": "North America",
      "population": "184,000",
      "currency": { "code": "XCD", "symbol": "$" },
      "officialLanguages": "English",
      "phoneCode": "+1-758",
      "flag": "🇱🇨",
      "id": "cntry-1379-LC",
      "iso": "LC"
    },
    {
      "name": "Saint Vincent and the Grenadines",
      "capital": "Kingstown",
      "continent": "North America",
      "population": "111,000",
      "currency": { "code": "XCD", "symbol": "$" },
      "officialLanguages": "English",
      "phoneCode": "+1-784",
      "flag": "🇻🇨",
      "id": "cntry-1380-VC",
      "iso": "VC"
    },
    {
      "name": "Samoa",
      "capital": "Apia",
      "continent": "Oceania",
      "population": "200,000",
      "currency": { "code": "WST", "symbol": "T" },
      "officialLanguages": "Samoan, English",
      "phoneCode": "+685",
      "flag": "🇼🇸",
      "id": "cntry-1381-WS",
      "iso": "WS"
    },
    {
      "name": "San Marino",
      "capital": "San Marino",
      "continent": "Europe",
      "population": "34,000",
      "currency": { "code": "EUR", "symbol": "€" },
      "officialLanguages": "Italian",
      "phoneCode": "+378",
      "flag": "🇸🇲",
      "id": "cntry-1382-SM",
      "iso": "SM"
    },
    {
      "name": "Sao Tome and Principe",
      "capital": "São Tomé",
      "continent": "Africa",
      "population": "220,000",
      "currency": { "code": "STN", "symbol": "Db" },
      "officialLanguages": "Portuguese",
      "phoneCode": "+239",
      "flag": "🇸🇹",
      "id": "cntry-1383-ST",
      "iso": "ST"
    },
    {
      "name": "Saudi Arabia",
      "capital": "Riyadh",
      "continent": "Asia",
      "population": "35,000,000",
      "currency": { "code": "SAR", "symbol": "ر.س" },
      "officialLanguages": "Arabic",
      "phoneCode": "+966",
      "flag": "🇸🇦",
      "id": "cntry-1384-SA",
      "iso": "SA"
    },
    {
      "name": "Senegal",
      "capital": "Dakar",
      "continent": "Africa",
      "population": "16,700,000",
      "currency": { "code": "XOF", "symbol": "CFA" },
      "officialLanguages": "French",
      "phoneCode": "+221",
      "flag": "🇸🇳",
      "id": "cntry-1385-SN",
      "iso": "SN"
    },
    {
      "name": "Serbia",
      "capital": "Belgrade",
      "continent": "Europe",
      "population": "6,900,000",
      "currency": { "code": "RSD", "symbol": "дин" },
      "officialLanguages": "Serbian",
      "phoneCode": "+381",
      "flag": "🇷🇸",
      "id": "cntry-1386-RS",
      "iso": "RS"
    },
    {
      "name": "Seychelles",
      "capital": "Victoria",
      "continent": "Africa",
      "population": "99,000",
      "currency": { "code": "SCR", "symbol": "₨" },
      "officialLanguages": "French, English, Seychellois Creole",
      "phoneCode": "+248",
      "flag": "🇸🇨",
      "id": "cntry-1387-SC",
      "iso": "SC"
    },
    {
      "name": "Sierra Leone",
      "capital": "Freetown",
      "continent": "Africa",
      "population": "8,000,000",
      "currency": { "code": "SLL", "symbol": "Le" },
      "officialLanguages": "English",
      "phoneCode": "+232",
      "flag": "🇸🇱",
      "id": "cntry-1388-SL",
      "iso": "SL"
    },
    {
      "name": "Singapore",
      "capital": "Singapore",
      "continent": "Asia",
      "population": "5,900,000",
      "currency": { "code": "SGD", "symbol": "$" },
      "officialLanguages": "English, Malay, Mandarin, Tamil",
      "phoneCode": "+65",
      "flag": "🇸🇬",
      "id": "cntry-1389-SG",
      "iso": "SG"
    },
    {
      "name": "Slovakia",
      "capital": "Bratislava",
      "continent": "Europe",
      "population": "5,500,000",
      "currency": { "code": "EUR", "symbol": "€" },
      "officialLanguages": "Slovak",
      "phoneCode": "+421",
      "flag": "🇸🇰",
      "id": "cntry-1390-SK",
      "iso": "SK"
    },
    {
      "name": "Slovenia",
      "capital": "Ljubljana",
      "continent": "Europe",
      "population": "2,100,000",
      "currency": { "code": "EUR", "symbol": "€" },
      "officialLanguages": "Slovene",
      "phoneCode": "+386",
      "flag": "🇸🇮",
      "id": "cntry-1391-SI",
      "iso": "SI"
    },
    {
      "name": "Solomon Islands",
      "capital": "Honiara",
      "continent": "Oceania",
      "population": "700,000",
      "currency": { "code": "SBD", "symbol": "$" },
      "officialLanguages": "English",
      "phoneCode": "+677",
      "flag": "🇸🇧",
      "id": "cntry-1392-SB",
      "iso": "SB"
    },
    {
      "name": "Somalia",
      "capital": "Mogadishu",
      "continent": "Africa",
      "population": "15,900,000",
      "currency": { "code": "SOS", "symbol": "Sh" },
      "officialLanguages": "Somali, Arabic",
      "phoneCode": "+252",
      "flag": "🇸🇴",
      "id": "cntry-1393-SO",
      "iso": "SO"
    },
    {
      "name": "South Africa",
      "capital": "Pretoria",
      "continent": "Africa",
      "population": "60,000,000",
      "currency": { "code": "ZAR", "symbol": "R" },
      "officialLanguages": "Afrikaans, English, Zulu, Xhosa, others",
      "phoneCode": "+27",
      "flag": "🇿🇦",
      "id": "cntry-1394-ZA",
      "iso": "ZA"
    },
    {
      "name": "South Korea",
      "capital": "Seoul",
      "continent": "Asia",
      "population": "51,300,000",
      "currency": { "code": "KRW", "symbol": "₩" },
      "officialLanguages": "Korean",
      "phoneCode": "+82",
      "flag": "🇰🇷",
      "id": "cntry-1395-KR",
      "iso": "KR"
    },
    {
      "name": "South Sudan",
      "capital": "Juba",
      "continent": "Africa",
      "population": "11,200,000",
      "currency": { "code": "SSP", "symbol": "£" },
      "officialLanguages": "English",
      "phoneCode": "+211",
      "flag": "🇸🇸",
      "id": "cntry-1396-SS",
      "iso": "SS"
    },
    {
      "name": "Spain",
      "capital": "Madrid",
      "continent": "Europe",
      "population": "47,400,000",
      "currency": { "code": "EUR", "symbol": "€" },
      "officialLanguages": "Spanish",
      "phoneCode": "+34",
      "flag": "🇪🇸",
      "id": "cntry-1397-ES",
      "iso": "ES"
    },
    {
      "name": "Sri Lanka",
      "capital": "Colombo",
      "continent": "Asia",
      "population": "22,200,000",
      "currency": { "code": "LKR", "symbol": "₨" },
      "officialLanguages": "Sinhala, Tamil",
      "phoneCode": "+94",
      "flag": "🇱🇰",
      "id": "cntry-1398-LK",
      "iso": "LK"
    },
    {
      "name": "Sudan",
      "capital": "Khartoum",
      "continent": "Africa",
      "population": "43,800,000",
      "currency": { "code": "SDG", "symbol": "£" },
      "officialLanguages": "Arabic, English",
      "phoneCode": "+249",
      "flag": "🇸🇩",
      "id": "cntry-1399-SD",
      "iso": "SD"
    },
    {
      "name": "Suriname",
      "capital": "Paramaribo",
      "continent": "South America",
      "population": "590,000",
      "currency": { "code": "SRD", "symbol": "$" },
      "officialLanguages": "Dutch",
      "phoneCode": "+597",
      "flag": "🇸🇷",
      "id": "cntry-1400-SR",
      "iso": "SR"
    },
    {
      "name": "Sweden",
      "capital": "Stockholm",
      "continent": "Europe",
      "population": "10,400,000",
      "currency": { "code": "SEK", "symbol": "kr" },
      "officialLanguages": "Swedish",
      "phoneCode": "+46",
      "flag": "🇸🇪",
      "id": "cntry-1401-SE",
      "iso": "SE"
    },
    {
      "name": "Switzerland",
      "capital": "Bern",
      "continent": "Europe",
      "population": "8,700,000",
      "currency": { "code": "CHF", "symbol": "Fr" },
      "officialLanguages": "German, French, Italian, Romansh",
      "phoneCode": "+41",
      "flag": "🇨🇭",
      "id": "cntry-1402-CH",
      "iso": "CH"
    },
    {
      "name": "Syria",
      "capital": "Damascus",
      "continent": "Asia",
      "population": "17,500,000",
      "currency": { "code": "SYP", "symbol": "£" },
      "officialLanguages": "Arabic",
      "phoneCode": "+963",
      "flag": "🇸🇾",
      "id": "cntry-1403-SY",
      "iso": "SY"
    },
    {
      "name": "Taiwan",
      "capital": "Taipei",
      "continent": "Asia",
      "population": "23,800,000",
      "currency": { "code": "TWD", "symbol": "NT$" },
      "officialLanguages": "Mandarin",
      "phoneCode": "+886",
      "flag": "🇹🇼",
      "id": "cntry-1404-TW",
      "iso": "TW"
    },
    {
      "name": "Tajikistan",
      "capital": "Dushanbe",
      "continent": "Asia",
      "population": "9,500,000",
      "currency": { "code": "TJS", "symbol": "SM" },
      "officialLanguages": "Tajik",
      "phoneCode": "+992",
      "flag": "🇹🇯",
      "id": "cntry-1405-TJ",
      "iso": "TJ"
    },
    {
      "name": "Tanzania",
      "capital": "Dodoma",
      "continent": "Africa",
      "population": "59,700,000",
      "currency": { "code": "TZS", "symbol": "TSh" },
      "officialLanguages": "Swahili, English",
      "phoneCode": "+255",
      "flag": "🇹🇿",
      "id": "cntry-1406-TZ",
      "iso": "TZ"
    },
    {
      "name": "Thailand",
      "capital": "Bangkok",
      "continent": "Asia",
      "population": "69,800,000",
      "currency": { "code": "THB", "symbol": "฿" },
      "officialLanguages": "Thai",
      "phoneCode": "+66",
      "flag": "🇹🇭",
      "id": "cntry-1407-TH",
      "iso": "TH"
    },
    {
      "name": "Togo",
      "capital": "Lomé",
      "continent": "Africa",
      "population": "8,300,000",
      "currency": { "code": "XOF", "symbol": "CFA" },
      "officialLanguages": "French",
      "phoneCode": "+228",
      "flag": "🇹🇬",
      "id": "cntry-1408-TG",
      "iso": "TG"
    },
    {
      "name": "Tonga",
      "capital": "Nuku'alofa",
      "continent": "Oceania",
      "population": "106,000",
      "currency": { "code": "TOP", "symbol": "T$" },
      "officialLanguages": "Tongan, English",
      "phoneCode": "+676",
      "flag": "🇹🇴",
      "id": "cntry-1409-TO",
      "iso": "TO"
    },
    {
      "name": "Trinidad and Tobago",
      "capital": "Port of Spain",
      "continent": "North America",
      "population": "1,400,000",
      "currency": { "code": "TTD", "symbol": "TT$" },
      "officialLanguages": "English",
      "phoneCode": "+1-868",
      "flag": "🇹🇹",
      "id": "cntry-1410-TT",
      "iso": "TT"
    },
    {
      "name": "Tunisia",
      "capital": "Tunis",
      "continent": "Africa",
      "population": "11,800,000",
      "currency": { "code": "TND", "symbol": "د.ت" },
      "officialLanguages": "Arabic",
      "phoneCode": "+216",
      "flag": "🇹🇳",
      "id": "cntry-1411-TN",
      "iso": "TN"
    },
    {
      "name": "Turkey",
      "capital": "Ankara",
      "continent": "Asia",
      "population": "84,300,000",
      "currency": { "code": "TRY", "symbol": "₺" },
      "officialLanguages": "Turkish",
      "phoneCode": "+90",
      "flag": "🇹🇷",
      "id": "cntry-1412-TR",
      "iso": "TR"
    },
    {
      "name": "Turkmenistan",
      "capital": "Ashgabat",
      "continent": "Asia",
      "population": "6,000,000",
      "currency": { "code": "TMT", "symbol": "m" },
      "officialLanguages": "Turkmen",
      "phoneCode": "+993",
      "flag": "🇹🇲",
      "id": "cntry-1413-TM",
      "iso": "TM"
    },
    {
      "name": "Tuvalu",
      "capital": "Funafuti",
      "continent": "Oceania",
      "population": "12,000",
      "currency": { "code": "AUD", "symbol": "$" },
      "officialLanguages": "Tuvaluan, English",
      "phoneCode": "+688",
      "flag": "🇹🇻",
      "id": "cntry-1414-TV",
      "iso": "TV"
    },
    {
      "name": "Uganda",
      "capital": "Kampala",
      "continent": "Africa",
      "population": "45,700,000",
      "currency": { "code": "UGX", "symbol": "USh" },
      "officialLanguages": "English, Swahili",
      "phoneCode": "+256",
      "flag": "🇺🇬",
      "id": "cntry-1415-UG",
      "iso": "UG"
    },
    {
      "name": "Ukraine",
      "capital": "Kyiv",
      "continent": "Europe",
      "population": "44,200,000",
      "currency": { "code": "UAH", "symbol": "₴" },
      "officialLanguages": "Ukrainian",
      "phoneCode": "+380",
      "flag": "🇺🇦",
      "id": "cntry-1416-UA",
      "iso": "UA"
    },
    {
      "name": "United Kingdom",
      "capital": "London",
      "continent": "Europe",
      "population": "67,900,000",
      "currency": { "code": "GBP", "symbol": "£" },
      "officialLanguages": "English",
      "phoneCode": "+44",
      "flag": "🇬🇧",
      "id": "cntry-1418-GB",
      "iso": "GB"
    },
    {
      "name": "United States",
      "capital": "Washington, D.C.",
      "continent": "North America",
      "population": "331,000,000",
      "currency": { "code": "USD", "symbol": "$" },
      "officialLanguages": "English",
      "phoneCode": "+1",
      "flag": "🇺🇸",
      "id": "cntry-1419-US",
      "iso": "US"
    },
    {
      "name": "Uruguay",
      "capital": "Montevideo",
      "continent": "South America",
      "population": "3,500,000",
      "currency": { "code": "UYU", "symbol": "$" },
      "officialLanguages": "Spanish",
      "phoneCode": "+598",
      "flag": "🇺🇾",
      "id": "cntry-1420-UY",
      "iso": "UY"
    },
    {
      "name": "Uzbekistan",
      "capital": "Tashkent",
      "continent": "Asia",
      "population": "34,200,000",
      "currency": { "code": "UZS", "symbol": "so'm" },
      "officialLanguages": "Uzbek",
      "phoneCode": "+998",
      "flag": "🇺🇿",
      "id": "cntry-1421-UZ",
      "iso": "UZ"
    },
    {
      "name": "Vanuatu",
      "capital": "Port Vila",
      "continent": "Oceania",
      "population": "310,000",
      "currency": { "code": "VUV", "symbol": "VT" },
      "officialLanguages": "Bislama, English, French",
      "phoneCode": "+678",
      "flag": "🇻🇺",
      "id": "cntry-1422-VU",
      "iso": "VU"
    },
    {
      "name": "Vatican City",
      "capital": "Vatican City",
      "continent": "Europe",
      "population": "800",
      "currency": { "code": "EUR", "symbol": "€" },
      "officialLanguages": "Italian",
      "phoneCode": "+39",
      "flag": "🇻🇦",
      "id": "cntry-1423-VA",
      "iso": "VA"
    },
    {
      "name": "Venezuela",
      "capital": "Caracas",
      "continent": "South America", 
      "population": "28,400,000",
      "currency": { "code": "VES", "symbol": "Bs." },
      "officialLanguages": "Spanish",
      "phoneCode": "+58",
      "flag": "🇻🇪",
      "id": "cntry-1424-VE",
      "iso": "VE"
    },
    {
      "name": "Vietnam",
      "capital": "Hanoi",
      "continent": "Asia",
      "population": "97,400,000", 
      "currency": { "code": "VND", "symbol": "₫" },
      "officialLanguages": "Vietnamese",
      "phoneCode": "+84",
      "flag": "🇻🇳",
      "id": "cntry-1425-VN",
      "iso": "VN"
    },
    {
      "name": "Yemen",
      "capital": "Sana'a",
      "continent": "Asia",
      "population": "30,500,000",
      "currency": { "code": "YER", "symbol": "﷼" },
      "officialLanguages": "Arabic",
      "phoneCode": "+967",
      "flag": "🇾🇪",
      "id": "cntry-1426-YE",
      "iso": "YE"
    },
    {
      "name": "Zambia",
      "capital": "Lusaka", 
      "continent": "Africa",
      "population": "18,400,000",
      "currency": { "code": "ZMW", "symbol": "K" },
      "officialLanguages": "English",
      "phoneCode": "+260",
      "flag": "🇿🇲",
      "id": "cntry-1427-ZM",
      "iso": "ZM"
    },
    {
      "name": "Zimbabwe",
      "capital": "Harare",
      "continent": "Africa", 
      "population": "14,900,000",
      "currency": { "code": "ZWL", "symbol": "$" },
      "officialLanguages": "English, Shona, Ndebele",
      "phoneCode": "+263",
      "flag": "🇿🇼",
      "id": "cntry-1428-ZW",
      "iso": "ZW"
    }
] 